GROUP,PACKAGE,CLASS,INSTRUCTION_MISSED,INSTRUCTION_COVERED,BRANCH_MISSED,BRANCH_COVERED,LINE_MISSED,LINE_COVERED,COMPLEXITY_MISSED,COMPLEXITY_COVERED,METHOD_MISSED,METHOD_COVERED
calculator-app,com.calculator.app.config,WebConfig,0,45,0,0,0,6,0,2,0,2
calculator-app,com.calculator.app.dto.request,MultiplyRequest,0,9,0,0,0,1,0,1,0,1
calculator-app,com.calculator.app.dto.request,ExpressionRequest,0,6,0,0,0,1,0,1,0,1
calculator-app,com.calculator.app.dto.request,DivideRequest,0,9,0,0,0,1,0,1,0,1
calculator-app,com.calculator.app.dto.request,PercentageRequest,0,6,0,0,0,1,0,1,0,1
calculator-app,com.calculator.app.dto.request,SqrtRequest,0,6,0,0,0,1,0,1,0,1
calculator-app,com.calculator.app.dto.request,PowerRequest,0,9,0,0,0,1,0,1,0,1
calculator-app,com.calculator.app.dto.request,AddRequest,0,9,0,0,0,1,0,1,0,1
calculator-app,com.calculator.app.dto.request,SubtractRequest,0,9,0,0,0,1,0,1,0,1
calculator-app,com.calculator.app.exception,GlobalExceptionHandler,27,87,0,0,3,11,2,8,2,8
calculator-app,com.calculator.app.dto,CalcResponse,0,6,0,0,0,1,0,1,0,1
calculator-app,com.calculator.app.dto,ErrorResponse,0,9,0,0,0,1,0,1,0,1
calculator-app,com.calculator.app,CalculatorApplication,5,3,0,0,2,1,1,1,1,1
calculator-app,com.calculator.app.service,CalculatorService,77,752,27,130,14,170,24,74,0,14
calculator-app,com.calculator.app.service,CalculatorService.TokenType,0,27,0,0,0,1,0,1,0,1
calculator-app,com.calculator.app.service,CalculatorService.Token,0,9,0,0,0,1,0,1,0,1
calculator-app,com.calculator.app.controller,CalculatorController,0,17,0,0,0,5,0,2,0,2
